AccountNumber,FirstName,LastName
796505,Maggie,Aiello
965772,Maisie,Gutierrez
935370,Alla,Spoto
905434,Paulina,Schwing
979827,Ronni,Casterline
180844,Josephina,Nephew
873003,Jose,Palmore
522162,Jillian,Ord
800191,Colin,Brandy
344890,Dannette,Wilds
387164,Judith,Hays
701552,Mistie,Gaylor
229215,Lavonia,Barcelo
111320,Reyna,Longenecker
452414,Selina,Keating
966802,Malcom,Bornstein
441835,Jonathan,Maliszewski
128496,Cynthia,Snyder
411085,Josiah,Mayfield
110406,Lavelle,Backman
816918,Boyce,Polite
183296,Jannet,Bauder
797070,Veda,Fonte
153477,Andrea,Boyington
262716,Coralee,Richardson
311857,Alia,Loney
317311,Marketta,Marcos
696746,Sharen,Smythe
432059,Temple,Elvin
125086,Carley,Altman
529761,Anika,Didion
243971,Leslee,Parks
940688,Julio,Sartain
366153,Dorthey,Fines
230046,Clarinda,Caley
398638,Jackeline,Pergande
914535,Jerrica,Hewett
514264,Marion,Curnutte
419451,Juliane,Wischmeier
815148,Shelli,Foret
144552,Maricela,Giammarino
325491,Jinny,Chretien
615429,Morton,Negley
603845,Sherryl,Stoll
872934,Bonita,Uselton
341722,Sari,Kissinger